model,mae,rmse,regret_count,regret_percentage,matched_predictions
LLM,0.11136363636363633,0.16077935190813525,20,45.45454545454545,44
ARIMA,0.09931818181818185,0.1600781059358212,8,18.181818181818183,44
