comparison,mae_difference,rmse_difference,t_statistic,p_value,significant_5pct,ties,llm_better_mae,llm_better_rmse
LLM_vs_Ablation_initial,0.020000000000000018,-0.00676247393507412,1.1998057152096075,0.23764207667452336,False,3,,
LLM_vs_Ablation_reflection,0.008974358974358998,-0.0017909153524616472,1.2486176964087574,0.21944297344447333,False,10,False,True
