model,mae,rmse,regret_count,regret_percentage,matched_predictions
LLM_initial,0.1346153846153846,0.18013527680251293,21,53.84615384615385,39
Ablation_initial,0.11461538461538459,0.18689775073758705,15,38.46153846153847,39
LLM_reflection,0.12179487179487178,0.17019596548292987,16,41.02564102564102,39
Ablation_reflection,0.11282051282051278,0.17198688083539151,13,33.33333333333333,39
