model,mae,rmse,regret_count,regret_percentage,matched_predictions
LLM,0.1980952380952381,0.2477421854997458,22,52.38095238095239,42
ARIMA,0.1771428571428571,0.22580016449443577,15,35.714285714285715,42
